thuoctinh,fuzzy and deep q,deep q learning,MAB,fuzzy
max,0.9902738528288196,0.9896690433428396,0.9740274020644096,0.9988673487192594
min,0.8374006349024933,0.03948165957600416,0.7280022281724943,0.8362162908466495
average,0.9713100716633456,0.7937757491248507,0.8827676674551111,0.9418041319632047
good,0.8412693413953097,0.6705087023157188,0.6953979551132665,0.8253763305410342
bad,0.004377401272280658,0.13512208435682643,0.02044886733429909,0.00433541181163528
