thuoctinh,fuzzy and deep q,deep q learning,MAB,fuzzy
max,0.993414345583306,0.9672780934009201,0.9422719134549836,0.9914064932188597
min,0.8420893642818833,0.04760365603834061,0.6353136563867062,0.7251112607154238
average,0.9629116410669859,0.6991613424889783,0.8185793510939434,0.8960129824214625
good,0.9122210325208373,0.6280153681425962,0.6674224769582835,0.8145115575990426
bad,0.008219436921332746,0.25563183640906134,0.05188847599252588,0.01620793180911591
